ID,Pred
A2,0.009276500937029525
A5,0.008877180689481682
A10,0.03009639130222605
A13,0.06170775036960764
A15,0.02219336661995033
A16,0.8900347330662894
A19,0.057869354154202704
A30,0.004661133525370069
A31,0.01330021982956473
A32,0.0037543300182700905
A34,0.1174164485565958
A35,0.0053055947623064465
A37,0.0015737163318592375
A39,0.013632982219475797
A40,0.5021285186912678
A43,0.4439891925419196
A45,0.019487714745859246
A46,0.005628118425658565
A50,0.15837080827425692
A66,0.009810945117314354
A67,0.3635787666090336
A73,0.0013297817589487167
A88,0.03030485609796951
A96,0.01360193939978939
A97,0.003105672242697712
A99,0.0852404175187361
A105,0.002989130750048013
A114,0.02737598837605745
A118,0.003467366837433234
A125,0.005189689393992399
A126,0.6490283131166
A131,0.0010703514359428296
A135,0.0066108612424421904
A136,0.004174276318874458
A138,0.005915052324667097
A139,0.015615325269637905
A141,0.0017330018437405525
A143,0.04057958255253994
A144,0.004670644401825229
A145,0.021122307784256753
A149,0.006224234731044188
A153,0.01218906480221478
A155,0.004358851122562421
A158,0.005411546375702292
A159,0.004498928212837173
A160,0.007093471675923692
A163,0.8448619127782747
A171,0.018842655649821436
A174,0.013186778442656035
A189,0.019648561351157418
A190,0.003756427375397915
A193,0.00722338769776245
A196,0.009001544359486224
A203,0.02679274178501888
A204,0.1705107122542434
A207,0.0049558547800172496
A211,0.019402136890913337
A215,0.0323132754181657
A218,0.017553153330909947
A219,0.005317843685765366
A221,0.49017093544727963
A224,0.0123477795619587
A225,0.006288943062319212
A234,0.015915263667535456
A242,0.005672105305194613
A243,0.003747301008952119
A245,0.009662685694249754
A246,0.004329486885710123
A248,0.6536811834951175
A254,0.03341347057443472
A258,0.7357493994786565
A262,0.0357058015742663
A266,0.005030993829318358
A270,0.05620740461463434
A272,0.011713320356503316
A283,0.00822762804389948
A284,0.061638262200058094
A286,0.060041676523962834
A287,0.0014711567245070047
A288,0.01532686708285088
A292,0.013786516681222927
A296,0.008125678337852353
A297,0.009368259195798402
A299,0.005427100520085022
A303,0.02653214311399061
A305,0.001853450075533614
A309,0.002698230764075011
A312,0.007680742794067464
A315,0.01417430434478985
A334,0.0019565660158551907
A343,0.0065375698865873496
A346,0.9944909784373256
A347,0.0027554625586863595
A348,0.0014867636574287175
A349,0.003134668529649159
A350,0.17661214954506538
A353,0.010597730533371994
A372,0.7736301381719711
A377,0.04360094790636384
A379,0.0022364259723236767
A380,0.019725224478395552
A381,0.003979127386552799
A382,0.0023757179416803334
A384,0.052680345306935716
A385,0.003964494284938655
A389,0.00276724107498778
A395,0.002784973960421552
A397,0.003991707706952951
A399,0.02126955962199893
A403,0.44369163443446646
A406,0.016685151306125284
A411,0.03290836710283249
A416,0.9876972545001418
A421,0.01080015238747915
A429,0.02228605433701628
A430,0.014820378405277987
A436,0.004402648853665178
A441,0.005465061544334742
A444,0.01894252876246938
A445,0.004387062481520985
A447,0.01236954814406707
A452,0.005526863217097999
A453,0.006690187845828715
A454,0.013138686769519766
A462,0.0027796970176952192
A464,0.004536107885273884
A465,0.0048658536457098014
A466,0.05210978419133601
A468,0.01255155704178103
A471,0.004791229346743731
A473,0.9501241973408739
A480,0.008597634634631575
A481,0.004319983492730465
A482,0.007400792492747285
A484,0.01769532716857735
A488,0.004343636310142345
A490,0.10169736450849175
A492,0.012607149839823042
A496,0.001852145300066493
A497,0.087772570151469
A500,0.027944691709976113
A501,0.01741832655781794
A503,0.02114362366073071
A508,0.001923123202354482
A510,0.03378957646010367
A518,0.017921640041413455
A520,0.004958887780876828
A521,0.5549743611487685
A522,0.002288373585205231
A527,0.002396168529096537
A528,0.9519008296796255
A529,0.004390379007564471
A531,0.007000388362851187
A532,0.005437099837015353
A533,0.018398746052663728
A534,0.004451814714143128
A535,0.06851929194811968
A536,0.006903928256068859
A539,0.133362507659868
A540,0.01115888509081306
A542,0.7706241193799707
A544,0.007751142671117845
A547,0.010486144665959317
A549,0.018367318880958432
A550,0.025442540598143607
A553,0.01660482412501013
A556,0.0020610658789262976
A557,0.004518331904442737
A558,0.06898866483591841
A559,0.018684427345257847
A560,0.01870689095580859
A563,0.005660397016990405
A566,0.007019763304299484
A568,0.0022734898598295306
A573,0.007009983053866366
A576,0.02194422545119763
A579,0.002465248757897843
A583,0.014987747122344677
A585,0.02290583782183839
A594,0.004837507583803264
A599,0.0075434490247784525
A600,0.019943130094703863
A602,0.005071741513773655
A609,0.014042362696863358
A614,0.0068151199739474805
A620,0.0021485136186935342
A621,0.046182557821216406
A622,0.015448675222538866
A625,0.0170605707407257
A629,0.014083750831678097
A630,0.010671026597675914
A635,0.013036858434583699
A636,0.009026938671317104
A637,0.01706715171544917
A640,0.020474605364712857
A642,0.0337594316358923
A643,0.004137765811479776
A647,0.07125266053640063
A650,0.00463433384429738
A652,0.0016668918849540183
A659,0.000996165704275414
A661,0.011085781735658414
A662,0.005076480949021621
A667,0.009877564907179313
A668,0.17107128982819647
A669,0.004575756825907975
A676,0.07436993050821789
A679,0.14915895795697645
A684,0.09166341378958831
A685,0.040146052458800555
A690,0.00214899255207163
A691,0.05939199546501477
A705,0.004796353423959611
A717,0.011075524950279268
A719,0.21730042194501067
A726,0.004852562924906827
A727,0.016011385215937063
A728,0.004756698978503137
A729,0.003953514658032486
A730,0.017727662396138617
A732,0.027095278843650344
A734,0.002762618900192126
A736,0.0038526859274179274
A738,0.0025820586050677905
A752,0.07338343297081625
A764,0.05056453512911864
A769,0.014488230524648755
A772,0.02161105811449454
A774,0.03722374647111397
A777,0.022015051659271583
A781,0.10845444202799373
A793,0.027621504448752252
A795,0.004591324826701961
A800,0.6449358231848823
A807,0.0016878916938072321
A812,0.006434574621646297
A813,0.00827976063585618
A818,0.01362425446032581
A819,0.011922965170733898
A826,0.05027474674459146
A829,0.013887825847175685
A830,0.013583078000067564
A832,0.005079557722801717
A841,0.02058268319100123
A842,0.001597169885890958
A843,0.0030640290779327885
A844,0.3093283468568533
A850,0.0058700033671865975
A853,0.02868856663346414
A855,0.007118596098753523
A862,0.008661557836785478
A863,0.002175332534825241
A864,0.7246831163807175
A865,0.00488666252503891
A867,0.003475869538351484
A868,0.011890506535625234
A872,0.024598166893535823
A873,0.0534388040352935
A874,0.15509783731365467
A876,0.00200193692173898
A879,0.5203698709569033
A881,0.014006732123599326
A883,0.04586995209507219
A884,0.003176144442109952
A892,0.017026971691035234
A893,0.009016395549365187
A894,0.06088269819054221
A896,0.013771619525853939
A897,0.02583584711564494
A899,0.10572170032513939
A900,0.004443520608236237
A907,0.036945358260050715
A911,0.01769629807089559
A915,0.006293082778911355
A917,0.001950182361811065
A919,0.8490342734736516
A934,0.0018352237660568382
A940,0.001942600056469914
A943,0.040115630135048555
A945,0.1091376786917423
A950,0.0017598039380481406
A954,0.020598180677749087
A963,0.010952036181477815
A966,0.004342452910454675
A972,0.010893345708691953
A977,0.0049551717706039205
A978,0.01759851777002374
A979,0.003988734264760964
A980,0.00373056803200594
A983,0.0025623884469734895
A986,0.23125803391164798
A992,0.010084725114196653
A993,0.005685485006604852
A995,0.0014220913758430773
A1002,0.01893243975891676
A1003,0.016001489184588318
A1004,0.009966151499523117
A1006,0.22701787617052238
A1009,0.0018936174263832642
A1013,0.0126439609331726
A1014,0.011307332093699076
A1015,0.0058114665901947285
A1023,0.8244529568711473
A1030,0.0018345976355118897
A1032,0.006009198729827654
A1035,0.02112372035565491
A1036,0.007033855161192745
A1043,0.03437509776357482
A1044,0.0056635839706206835
A1046,0.025719780732008788
A1051,0.017281420847777968
A1052,0.04762761384168828
A1066,0.09890143397281177
A1067,0.017172356722662558
A1068,0.18713121539475164
A1070,0.008937536657237108
A1076,0.003997472179239613
A1085,0.034383385193128856
A1086,0.005949132448191106
A1088,0.0017574626551244094
A1092,0.11119612046664908
A1096,0.0033058360946929036
A1097,0.015585389449453403
A1099,0.02552589915199404
A1109,0.008500502133378105
A1110,0.014743402805907824
A1115,0.01317968231467887
A1117,0.005997265366853582
A1120,0.9805536030291702
A1122,0.001225634040127905
A1123,0.15750825262386564
A1124,0.0050273173845932885
A1133,0.022756964841681892
A1140,0.006888997496209738
A1142,0.005072732320310885
A1143,0.015207244894969225
A1146,0.02199327007466738
A1156,0.9787572458580102
A1161,0.023475045555462374
A1162,0.02653858138671141
A1164,0.015547685097256719
A1166,0.005901517585437447
A1171,0.03624828098415707
A1173,0.01768854519662981
A1177,0.006539549029746068
A1178,0.004729038087002263
A1181,0.009252222004314727
A1186,0.25534104432590204
A1190,0.0032401613420737266
A1192,0.007296090623620355
A1193,0.02833508328897644
A1197,0.006893749315140372
A1198,0.005368974156859312
A1204,0.01659627396848718
A1207,0.014215547629920779
A1217,0.005100531267216393
A1221,0.013600117663054996
A1224,0.002376272397016174
A1225,0.10356251055166779
A1235,0.29260208154251705
A1246,0.024038164496641673
A1247,0.020465214756577203
A1248,0.0037303283742076967
A1249,0.022535666470131187
A1251,0.022036249478822694
A1260,0.013364072252819043
A1262,0.0176004019173254
A1263,0.0011007941313006643
A1268,0.3918664355305882
A1271,0.1537408811257091
A1273,0.01279773454562186
A1274,0.019721397983424167
A1276,0.00402036909390171
A1282,0.006555350908607613
A1283,0.0032987498162665692
A1285,0.5506592999476584
A1286,0.016343026508748058
A1289,0.964750787545809
A1291,0.007944214128840383
A1295,0.009723456232347844
A1299,0.002015667859560969
A1300,0.02769770512367368
A1303,0.015253204688108583
A1304,0.00527386217535571
A1315,0.031350330677808694
A1320,0.034192018263036736
A1327,0.01644290070080594
A1328,0.005327602514735912
A1329,0.005288892392248121
A1331,0.029494927913883164
A1333,0.007480296612346442
A1337,0.1436258994465699
A1344,0.017444714697706906
A1352,0.017493509734520674
A1358,0.01322821314432837
A1359,0.0024933321043299627
A1363,0.2828247033238932
A1364,0.017062297626554132
A1368,0.016188560436304025
A1370,0.088844402946739
A1371,0.0015155926172392069
A1372,0.028394968037704117
A1378,0.004974846911105879
A1380,0.006511690351934144
A1381,0.0034388151972200927
A1387,0.014068022055598168
A1391,0.0039324590468609215
A1392,0.008729572933721078
A1394,0.003909516115160863
A1399,0.02061425370898343
A1412,0.01685908203401795
A1415,0.004073484358870578
A1419,0.0211678993023073
A1420,0.008125051660655407
A1422,0.0042984436336244705
A1423,0.004899624454528639
A1428,0.016439335790559603
A1431,0.03109390144103941
A1432,0.007447183374022652
A1434,0.005124341917987972
A1443,0.012348518519184132
A1449,0.6878427564933102
A1451,0.00591343407953521
A1453,0.6595102934278326
A1454,0.028479764353281867
A1456,0.02565537944957632
A1457,0.005014285201818095
A1458,0.02088547783514995
A1462,0.032723875617162786
A1465,0.002789491963421509
A1466,0.007105993406536644
A1472,0.015317825632032933
A1476,0.34504856436510245
A1483,0.00934099093252236
A1485,0.005269649825473912
A1494,0.07515149898636117
A1496,0.00286106279554307
A1501,0.029608095498338666
A1506,0.001752266116971493
A1508,0.009019006675961196
A1512,0.0011025637942760908
A1514,0.03473061033840389
A1515,0.012880449246186386
A1516,0.011165273635007314
A1517,0.0024777342095567796
A1520,0.012637818133542457
A1521,0.0059700791347854915
A1522,0.04565664213247242
A1524,0.015657990309603725
A1525,0.0029154492365719075
A1526,0.10639792245358518
A1527,0.020398805893759295
A1530,0.0051376805424357
A1532,0.013324076660157147
A1534,0.20403888942837659
A1537,0.025416587409123313
A1541,0.5346246766071086
A1543,0.022587653537710545
A1545,0.006160545326158599
A1548,0.008755469271044826
A1552,0.17263771855946755
A1557,0.014977366738049452
A1560,0.00270786345235971
A1564,0.0024926062188014484
A1565,0.01063471602103123
A1568,0.06626913820580561
A1569,0.07542050329332929
A1570,0.007450061547801401
A1572,0.002352000090706114
A1574,0.0028027704475732905
A1581,0.013713852174098087
A1582,0.004337389643447636
A1587,0.002726509880078689
A1591,0.007652587090558866
A1594,0.0014008415743826223
A1596,0.0035992942998151933
A1598,0.006721149265000373
A1602,0.013218201523360671
A1607,0.0019178018612452138
A1608,0.03896875855985258
A1616,0.009118464411204237
A1621,0.02078790754367297
A1623,0.008587674877588781
A1625,0.007664011716515741
A1626,0.006270101062201296
A1633,0.1521860878141733
A1643,0.003014772954872581
A1644,0.004925095243340912
A1645,0.02931872651091643
A1652,0.008574002915288021
A1658,0.4244291248070003
A1663,0.027635281321791518
A1667,0.12370181436924937
A1669,0.941116350710758
A1670,0.6844027270702074
A1671,0.020269561406245563
A1676,0.002624470731098035
A1681,0.009887828344330503
A1688,0.0213513135134869
A1689,0.002666474703308047
A1693,0.00344524964023451
A1697,0.004212397247093945
A1699,0.010925113112847067
A1703,0.9857327524319196
A1706,0.005430831324222221
A1707,0.1888935073467704
A1711,0.0066887728184671195
A1713,0.03431703137845239
A1716,0.0806364121570922
A1719,0.0573679998404122
A1723,0.012175578293351409
A1727,0.0051161086163648405
A1737,0.003920451134097036
A1742,0.9551034660736598
A1743,0.019998283727177334
A1745,0.028423148840972922
A1747,0.06959810187571298
A1750,0.04363723034154824
A1751,0.1030884039277295
A1755,0.001389718088230113
A1756,0.003872460796770948
A1764,0.017572312688523096
A1767,0.013202804855549847
A1768,0.015270699740751419
A1772,0.004057863575631021
A1779,0.002119373378190985
A1784,0.0024363903401491884
A1787,0.007848790531988862
A1790,0.005181076652043742
A1791,0.042107114857882315
A1805,0.00855195867115905
A1814,0.008088020819202098
A1816,0.10730444671444732
A1817,0.003074693389129773
A1818,0.007134781300841018
A1820,0.9242610749707371
A1825,0.01777171012185911
A1827,0.24611486222931783
A1829,0.0056374312402709395
A1830,0.2811962041581528
A1831,0.008801421979395594
A1832,0.13465418555033018
A1834,0.006291630150671397
A1838,0.008210412988612649
A1841,0.16293867694907313
A1844,0.00637918740365173
A1849,0.002958437643089457
A1856,0.029019766311956414
A1860,0.016163888869608192
A1862,0.6719841218896415
A1866,0.05304950452448672
A1868,0.021888031531780146
A1871,0.004066064233125922
A1876,0.014658673095325371
A1888,0.006117515976635037
A1890,0.022626413971316116
A1892,0.4741478823460986
A1893,0.031172836003369807
A1901,0.0025489911397788096
A1907,0.008907993544641123
A1917,0.015778704050317015
A1922,0.01661738801669155
A1923,0.006543749634268564
A1927,0.004424890265037464
A1929,0.044351196758582796
A1932,0.005046460683353368
A1934,0.007749387303211356
A1935,0.2201795063647293
A1937,0.007812498849899687
A1940,0.016857586927647383
A1942,0.8470095527191677
A1947,0.14823517507161824
A1950,0.0023373882965976563
A1954,0.017215813227152838
A1958,0.0013186806141844269
A1959,0.008028728255399215
A1962,0.6616608345959013
A1966,0.1184902123789891
A1970,0.0234445099892738
A1975,0.013700593299797269
A1978,0.015780312630949995
A1980,0.0020518224223731226
A1983,0.02524906151278518
A1985,0.02174547304641057
A1986,0.03654611081277374
A1987,0.011012816024936022
A1990,0.3392861301077935
A1991,0.0015059759935192741
A1996,0.019205677897561873
A1997,0.0324807139976442
A2007,0.004262782266320917
A2010,0.003523025353014255
A2012,0.009631336185778864
A2013,0.007284580424410782
A2015,0.026466236226522406
A2018,0.004739061877410959
A2027,0.0029487595173197656
A2028,0.01064024004036426
A2030,0.24907266517799342
A2031,0.0032529091148127474
A2034,0.006921646943998701
A2037,0.0066593817961679656
A2039,0.02610084852911425
A2044,0.016859236744909144
A2045,0.025528803470875244
A2049,0.3167819044292161
A2059,0.058533046942082174
A2061,0.004737848635521282
A2066,0.004914411612095832
A2067,0.007606346835123149
A2068,0.01201677000721752
A2071,0.02878230553063457
A2072,0.0037748500829170775
A2076,0.007970565227617767
A2079,0.005799886632539428
A2082,0.8890121501448002
A2088,0.013116160438263089
A2089,0.034821504438260355
A2090,0.03354008079262018
A2091,0.00837536684111644
A2092,0.0035209969807247386
A2101,0.004929436263118187
A2104,0.12884352820228967
A2105,0.00340663992454561
A2107,0.0024813313589656127
A2109,0.001545163434816975
A2112,0.0034336690542969618
A2119,0.005006219797866753
A2125,0.007177906478102235
A2132,0.003067588837381343
A2133,0.0074562550682948
A2134,0.03239758148804501
A2138,0.0024735510281685153
A2141,0.018334632556565502
A2142,0.09713054472973648
A2153,0.07508639028485876
A2155,0.013499372617374836
A2163,0.028874455265439462
A2165,0.0225808511316247
A2166,0.0023286689121907907
A2173,0.0363167549350716
A2176,0.0074210558888528734
A2178,0.02463093332900549
A2179,0.0042512306592432155
A2180,0.01827210358648518
A2189,0.021930258686679707
A2190,0.004979426028567474
A2191,0.005147864646407306
A2195,0.0027172141501052237
A2197,0.006651930905166273
A2201,0.0032054860283132008
A2202,0.007300400885819363
A2205,0.012218871696926337
A2208,0.017490744388002247
A2212,0.01275087557150223
A2215,0.0022985688479488036
A2218,0.008950381664334662
A2224,0.004473260668960194
A2225,0.024313764365643406
A2229,0.15981348142171983
A2231,0.002241644780468712
A2233,0.0028435627758834157
A2235,0.006809602597102508
A2236,0.08325379001333223
A2240,0.010402981583060075
A2241,0.0035378050317968713
A2242,0.01792062327945723
A2243,0.0021508892098918166
A2244,0.01064024004036426
A2245,0.015029425621325965
A2248,0.007978757589108399
A2251,0.00960721435548403
A2256,0.004672086163531461
A2260,0.006814716632114594
A2261,0.0022198765207591983
A2263,0.010333676097838891
A2266,0.013934837625982402
A2268,0.009971391386357232
A2271,0.20358632079376396
A2273,0.0028491311914318096
A2279,0.02536811705812854
A2280,0.028762199021451634
A2294,0.015056040725866878
A2295,0.08702454513362226
A2301,0.9721775470393476
A2302,0.015038544780405583
A2304,0.04287401658026718
A2312,0.13719850049566393
A2315,0.04359922251314791
A2316,0.0033706417869962145
A2324,0.023559318801307776
A2326,0.0013648839878694064
A2329,0.006663699188717276
A2335,0.019664077677539367
A2338,0.0021703490891813197
A2340,0.005265666125121056
A2341,0.019944061743338494
A2346,0.004924678828625917
A2347,0.009183640750312605
A2351,0.04335581913045328
A2356,0.012611328195714195
A2358,0.016406007924789027
A2369,0.007736266806430124
A2370,0.005548580083164294
A2373,0.019292926543171524
A2378,0.0011669823692780567
A2380,0.0044261548660112894
A2382,0.0013022282308936311
A2383,0.9446302070621209
A2389,0.021804149589914116
A2400,0.045355297984571455
A2401,0.04759767855417975
A2402,0.021144436918137905
A2403,0.025100087843773294
A2405,0.011308685426245038
A2422,0.11394585984492385
A2424,0.694738319096334
A2426,0.06026420639438122
A2430,0.005168625195306883
A2434,0.942996025802042
A2444,0.007913395116547938
A2448,0.00411705932889081
A2451,0.1898740004553828
A2456,0.0010806271960421962
A2457,0.08262979209318867
A2458,0.015601010932807939
A2461,0.015107765798037456
A2465,0.02237217676481696
A2466,0.0035057861403635054
A2473,0.04368585708294495
A2478,0.058317639751706486
A2482,0.025791792750083115
A2484,0.007580601724247846
A2485,0.44461943848739754
A2501,0.12935849499046484
A2502,0.006328184875996305
A2506,0.022312868368428523
A2514,0.003961854471009124
A2519,0.0019206666765741677
A2522,0.02745854610861368
A2524,0.6235370190173957
A2526,0.002899857908562884
A2527,0.06125847877920028
A2529,0.00876461412810509
A2530,0.03214090654127701
A2531,0.0028838678273243904
A2534,0.8867633646007245
A2535,0.007966983756116706
A2540,0.012813014053738045
A2544,0.01482252632434175
A2551,0.007183087778363963
A2552,0.004170212131345109
A2554,0.01088497163948524
A2564,0.003016367678738601
A2567,0.36380750902915837
A2572,0.09330030367802401
A2575,0.04557229306045346
A2576,0.013018638204673498
A2579,0.019352445803103545
A2580,0.9947333770856517
A2581,0.004440044296475337
A2587,0.012254796929117016
A2589,0.002419664219726967
A2591,0.9922404890756799
A2593,0.01717752701266938
A2595,0.007172024177977029
A2601,0.004686594659016089
A2602,0.007899302552469166
A2603,0.015514499605825299
A2605,0.011568896411198995
A2609,0.008239596510317101
A2613,0.030958093162740768
A2616,0.006063309448629058
A2617,0.03566121492763026
A2618,0.013845178867747396
A2619,0.003923148931726805
A2620,0.019263318389387645
A2621,0.0066554358730841695
A2625,0.03475789345614344
A2626,0.02168321103320681
A2627,0.0017078883365051123
A2630,0.5232132527399608
A2636,0.0514615292107076
A2637,0.028052075619399028
A2640,0.015987159634684667
A2641,0.003026334727711519
A2642,0.005943572573309384
A2649,0.004707160447580289
A2652,0.01561239373079873
A2653,0.9641469803835847
A2654,0.020260290230660175
A2656,0.009354103764143498
A2658,0.008888188043889468
A2665,0.016684164952650467
A2670,0.1701201842553464
A2673,0.0075926199956508665
A2679,0.03329672760204513
A2683,0.0018417894442034222
A2687,0.010914476016957166
A2690,0.007815741510351054
A2701,0.0025393240300196967
A2707,0.001750305223856737
A2708,0.023965591292002788
A2710,0.009465638548868387
A2715,0.018158375913603232
A2717,0.0028066404642113517
A2719,0.005012939885125249
A2721,0.010146893340383108
A2725,0.018788330923590085
A2732,0.0034502837758305562
A2739,0.0022919354718909353
A2741,0.0035699046984879147
A2744,0.009765603989573605
A2748,0.022318404608540544
A2750,0.028301854106022695
A2753,0.0385855107488611
A2754,0.009055045481077465
A2756,0.10610953384459636
A2759,0.026703287681119854
A2761,0.025177718549041227
A2762,0.19014712817219445
A2763,0.001828026129449444
A2770,0.012973307142875288
A2772,0.02425840748356355
A2778,0.2762059687796415
A2785,0.027534406173161868
A2791,0.007209707421699185
A2794,0.0011649026433069554
A2800,0.0039810740320989635
A2807,0.004542794038349924
A2808,0.003189517723932182
A2810,0.01784624554285431
A2811,0.04874414053077547
A2818,0.03651600608630868
A2819,0.0034787890326641625
A2827,0.005466418460650804
A2829,0.02900922600228531
A2830,0.003873185035775268
A2831,0.0059201797479585
A2832,0.010699005849395695
A2833,0.014161990942853161
A2839,0.02453300556951132
A2841,0.019909594868656857
A2842,0.04071585400445292
A2843,0.008994905922312979
A2844,0.0072421943380843404
A2847,0.0046561869222318765
A2848,0.004801771485010523
A2849,0.07219033087667254
A2850,0.0019248647113878272
A2854,0.004473734174576965
A2858,0.0032230078281885156
A2859,0.009560068896405248
A2860,0.0010953186384974082
A2869,0.0031676372330819774
A2874,0.5775687505078331
A2877,0.0020691831608646966
A2878,0.050614190866682764
A2879,0.013086030530691954
A2883,0.004030441881536248
A2884,0.016026914929722833
A2885,0.0019174124017552244
A2888,0.024875812128216452
A2889,0.02565213839372807
A2891,0.0037234168756157342
A2892,0.0032509633198306914
A2893,0.0054751992116684415
A2895,0.00633529149331114
A2900,0.029647914899358776
A2903,0.004432861529472747
A2906,0.007088345974007957
A2907,0.026195514558526787
A2910,0.005743282060884231
A2914,0.21443511834669082
A2921,0.0033778803352784168
A2922,0.004165600277989456
A2932,0.00097476805032628
A2933,0.007007002205695291
A2934,0.0035628254661913663
A2937,0.2055712163515702
A2939,0.016720262300371113
A2940,0.1880379241600373
A2941,0.0024400334876152176
A2944,0.0025990975808815593
A2947,0.002368671494601848
A2950,0.012232140121590148
A2954,0.007932563046582046
A2956,0.004886713085978621
A2960,0.0015267653277931004
A2962,0.0016239072089485683
A2963,0.014818340716555162
A2970,0.01963443518662241
A2972,0.0026779814938165235
A2980,0.011725225016387921
A2984,0.005005457339164702
A2985,0.9366089968248702
A2987,0.06832405376966663
A2993,0.015718820608951106
A3001,0.01574748485689404
A3002,0.06740461281599301
A3009,0.0016781929101012246
A3010,0.11193652415269283
A3014,0.007852396672692613
A3019,0.0017623256266269909
A3028,0.01521048190887951
A3030,0.01220659102078519
A3031,0.00594323950169524
A3033,0.012487843883791086
A3038,0.02300265216924477
A3039,0.7042814601537096
A3041,0.003490056046111195
A3043,0.0029667883462401443
A3049,0.025164641917479153
A3051,0.05847976815428561
A3056,0.5550993362739588
A3059,0.011096319299193228
A3062,0.0033419764096291834
A3065,0.005169799331776437
A3067,0.0023649105053331065
A3068,0.020485759748087626
A3070,0.002931225798599152
A3074,0.005975117874093207
A3075,0.0028008300271905274
A3080,0.00857525834691255
A3081,0.010045968358508704
A3082,0.020777693371666038
A3083,0.006503667693890496
A3084,0.004218821576325341
A3087,0.021204930565265692
A3091,0.018238254899385728
A3093,0.004493426468571064
A3094,0.06409346613742142
A3096,0.002030444439393076
A3111,0.03088102996695735
A3113,0.14434253911346745
A3118,0.006187348363508933
A3119,0.015017063811500371
A3120,0.005473851807430246
A3121,0.020987047902057
A3122,0.08052425521873204
A3125,0.02066836768219718
A3131,0.017648206448989606
A3132,0.027397397798606397
A3133,0.03203718348876822
A3136,0.012821363411687459
A3141,0.003414440867901612
A3142,0.02324773003017283
A3146,0.004873802698084311
A3148,0.0016515508518736293
A3151,0.007391956294033537
A3155,0.002651346318340614
A3156,0.018352801478485274
A3158,0.023621390076300482
A3159,0.009150764996806508
A3162,0.019418915590031866
A3163,0.005910186163194852
A3165,0.005125596816373777
A3168,0.0030072274588669686
A3170,0.2081614225349936
A3172,0.07210440789851173
A3174,0.0029458777195270278
A3176,0.09758439141812024
A3177,0.00989051887197828
A3181,0.0034187192949519567
A3183,0.00360779087596029
A3193,0.0019763182229731715
A3198,0.047711738895722534
A3201,0.032778027678839916
A3204,0.012908540580972542
A3208,0.010194693865360092
A3210,0.0033130302240915338
A3211,0.003934476719887326
A3213,0.009133506192302571
A3221,0.023919264863324328
A3226,0.002038439092819241
A3229,0.051698432622166106
A3230,0.02232980092810206
A3236,0.014635231517288853
A3241,0.03594480053966094
A3242,0.0021040652562779294
A3243,0.004560624113815696
A3244,0.0031832421655254906
A3252,0.04701572843907999
A3256,0.021654120549164095
A3261,0.008481332412557604
A3263,0.002686788364672693
A3267,0.0017818811802760464
A3268,0.023439996909490227
A3277,0.026787435729465535
A3287,0.00479718144763005
A3289,0.013549376212022646
A3295,0.02289710104973558
A3297,0.0058277686786205075
A3298,0.005355599898312684
A3305,0.07701758210308088
A3306,0.01797527696582437
A3308,0.011077072928174829
A3316,0.005350415816611567
A3319,0.8782745367988258
A3321,0.013594236087419343
A3322,0.00837392982056269
A3351,0.011792144127601647
A3352,0.019832974333573734
A3354,0.015491335284614889
A3360,0.004240950145190522
A3366,0.007600905948630113
A3368,0.012703923506069139
A3374,0.004919422030251886
A3375,0.004249784710944239
A3379,0.021008310815506588
A3386,0.011957205279829403
A3389,0.009425523523135018
A3395,0.0038226959451196645
A3403,0.021083448723842532
A3406,0.014531490774383569
A3409,0.001869241086903463
A3411,0.005691290234128558
A3412,0.012751734738672901
A3413,0.007900689085717321
A3417,0.011306519854488523
A3418,0.005338268596823828
A3425,0.021931775454374466
A3428,0.0048026291284445
A3429,0.23342307687341476
A3432,0.21573212649773524
A3433,0.12056732995250798
A3434,0.02014412182017906
A3439,0.12578764290139852
A3440,0.0024292080512125823
A3444,0.0043826281885186
A3454,0.049004587107606294
A3457,0.004729474024807904
A3458,0.029324944182672653
A3461,0.002274649981269363
A3465,0.04162400583140974
A3472,0.25017275848226944
A3474,0.02006321853403079
A3477,0.0049472653525379036
A3480,0.0036728823307749566
A3481,0.004665581420914601
A3482,0.19549053199083688
A3483,0.18448679761720263
A3492,0.015083167940509335
A3494,0.01832009184163344
A3499,0.009314253814679718
A3503,0.012713617227584323
A3504,0.029666587073324417
A3509,0.005660007467046614
A3513,0.0033348296528461063
A3518,0.016820501366374342
A3519,0.06969001043416663
A3521,0.014274871773201843
A3522,0.043125458083191154
A3529,0.005449306528423156
A3536,0.025537123605847485
A3539,0.005207340293186485
A3545,0.02277393801449011
A3546,0.009246276864949901
A3551,0.021659563514737058
A3552,0.004695920408692846
A3553,0.007396098801556003
A3554,0.0081917409117919
A3559,0.015673483273311084
A3563,0.0023015621106351435
A3564,0.00520713868258126
A3566,0.6786598855101796
A3569,0.2916845415272429
A3571,0.0022103036125449014
A3573,0.004473913153630226
A3579,0.01521598968078781
A3580,0.03846493206601634
A3582,0.006780303749891655
A3583,0.17485028216578988
A3585,0.33658000255110715
A3586,0.0081098944712707
A3587,0.030217940898777638
A3588,0.003958263036445734
A3604,0.0017359356619708365
A3606,0.004741726892526137
A3607,0.0019838436813185496
A3610,0.0008722323266866283
A3615,0.8819350591421995
A3617,0.0016846495357080264
A3619,0.02746447587094675
A3621,0.4797732667151321
A3627,0.009756590305950975
A3629,0.007069075447972833
A3631,0.016034891397939833
A3632,0.006943555807734993
A3635,0.0038907306412766063
A3638,0.003739702693131193
A3639,0.011927769140908921
A3642,0.002860078094700216
A3644,0.0024055034694695754
A3646,0.007935490292153003
A3647,0.03701055396129908
A3650,0.0033255516326365603
A3651,0.007680640277649197
A3654,0.03931894132987047
A3656,0.006356987133524389
A3657,0.006337844286839853
A3659,0.006767712645388976
A3661,0.025376912019001878
A3663,0.0057035444846485995
A3664,0.005203643413856485
A3670,0.004621795562500781
A3672,0.005901833443380848
A3674,0.012042168327427567
A3678,0.002543505454023827
A3685,0.020620152195303103
A3689,0.03446413222776192
A3691,0.014991446318884029
A3692,0.013568056386250945
A3693,0.006143317750847688
A3697,0.01127215906912329
A3698,0.22979008768741302
A3701,0.002548777112352016
A3702,0.14688388615674366
A3706,0.008749341041361772
A3710,0.009693731136196097
A3711,0.0058342306331202205
A3720,0.015055974761329662
A3725,0.032207835017708346
A3727,0.021880933299617475
A3729,0.004139174889996865
A3736,0.005660795010960635
A3739,0.006935659897113243
A3740,0.0016093787849807157
A3741,0.019158830259377216
A3745,0.019233066078892944
A3754,0.008021289771902205
A3755,0.036709195026003304
A3761,0.0050036054425473325
A3764,0.0037976409683333676
A3765,0.007422747213797768
A3767,0.008777551383919694
A3769,0.010738587348584733
A3775,0.003923863599796784
A3776,0.08804368649860583
A3777,0.011535224655292642
A3780,0.011162029802741757
A3781,0.008712875979510043
A3789,0.00816260518240744
A3790,0.010396639165096333
A3791,0.11204032512539489
A3799,0.0038069109781035766
A3804,0.02205836069239
A3815,0.0024387060347918045
A3824,0.002088986854523976
A3825,0.1876063344236806
A3830,0.0073677524944769065
A3831,0.005798317427196562
A3832,0.02309537023148606
A3834,0.008521096123859604
A3838,0.003159075765151062
A3839,0.009526488467941234
A3841,0.04725806913415702
A3844,0.009459503277130974
A3846,0.004688708817845294
A3849,0.2203223709807035
A3850,0.011900954304169958
A3851,0.0037478037379269575
A3853,0.033553488841587764
A3859,0.003964991829816975
A3862,0.007279444780106946
A3863,0.002347941835797438
A3866,0.9647663746836143
A3871,0.005429537037411951
A3872,0.0015059759935192741
A3873,0.010097631856757706
A3874,0.00686450417049354
A3875,0.004163222996393748
A3885,0.026859059885410527
A3886,0.019516344723730504
A3889,0.0021902078151854565
A3891,0.037755246628985925
A3893,0.008558086187331095
A3896,0.01440705714963683
A3901,0.10355462862680404
A3903,0.0021184581444728913
A3904,0.004944568249112777
A3910,0.004852517574005939
A3922,0.002176118622618967
A3928,0.01686428672156262
A3931,0.010330571878226348
A3932,0.017239474649705985
A3933,0.01187496510113996
A3936,0.004887024771232157
A3940,0.021728120580096048
A3942,0.9068112632377145
A3944,0.004892200151821398
A3945,0.0022310613313464536
A3948,0.001927586226377081
A3951,0.011315501206698891
A3952,0.021226772556205524
A3957,0.011134507993317269
A3958,0.003640268652770138
A3962,0.10703762551275185
A3965,0.011787036759622317
A3975,0.015966967267163384
A3976,0.04671026366674379
A3977,0.008792747182545023
A3978,0.3064312736483519
A3990,0.011501487869695381
A3993,0.02950083313042178
A3994,0.0015938942993732777
A4002,0.0016224903882145697
A4009,0.019076358824651685
A4013,0.007038642040283004
A4014,0.024898497171704535
A4015,0.0019468067385203635
A4016,0.5222222329760032
A4017,0.00406698916083784
A4022,0.018928728985453513
A4028,0.03509284023015292
A4030,0.00843162023071923
A4031,0.9771947598086373
A4033,0.0100099618265912
A4036,0.25621419095658343
A4042,0.016702532482191036
A4046,0.007142756242317533
A4047,0.023159345600075664
A4053,0.010571912386004148
A4054,0.004745639332028361
A4055,0.016687263634170054
A4056,0.03181375607303459
A4059,0.01604534066788707
A4061,0.0033635834227372227
A4062,0.029133876280052883
A4063,0.8465879425463717
A4064,0.003573668369285483
A4065,0.0444866211661027
A4066,0.025178451798751052
A4069,0.16772887289898789
A4074,0.4661131605512186
A4075,0.005278155648547238
A4083,0.1963122936384038
A4084,0.04049823659347568
A4085,0.011014641726363551
A4086,0.02739792546051384
A4087,0.017754940285337285
A4092,0.007855385894385628
A4096,0.003930360497345538
A4099,0.9665505183398059
A4101,0.07339303032175569
A4102,0.02654577267449699
A4103,0.006786419846645372
A4111,0.01601203933753924
A4112,0.0062799798608226005
A4114,0.006064787391569859
A4116,0.06798740547516542
A4117,0.027650240524028973
A4121,0.003324318497699612
A4122,0.002400245058752964
A4124,0.0061861972393916715
A4128,0.015675871330453135
A4133,0.00906179248711579
A4134,0.005802097314530753
A4136,0.019562220962390804
A4139,0.0029893978871425807
A4141,0.007570499593046032
A4145,0.04303301135365189
A4155,0.00882247570981331
A4163,0.012276855164116664
A4167,0.0017594508852137984
A4170,0.012472874025220322
A4171,0.02325172378496053
A4177,0.027619017649407652
A4179,0.015139573640353923
A4182,0.02548226845454536
A4191,0.0198531444616146
A4194,0.013705312208572686
A4195,0.007252917618618255
A4196,0.0022507389936246873
A4197,0.011976714948029574
A4198,0.5650234607723411
A4201,0.00354143051615203
A4204,0.049004587107606294
A4205,0.006647887684038146
A4206,0.0019614999669332603
A4210,0.070237906269413
A4215,0.015796847018683603
A4216,0.13357938203589415
A4220,0.021612105812902915
A4221,0.005893851572061786
A4225,0.012542139966562406
A4226,0.004099628934001866
A4229,0.0035725909636404635
A4230,0.010284120843453558
A4231,0.00405039515856381
A4238,0.026136683458418148
A4246,0.9901015948116506
A4250,0.0029277125761830902
A4253,0.005106140780940423
A4255,0.0019467865454755918
A4258,0.030896383430919234
A4262,0.9687401699397318
A4266,0.016249860431431413
A4267,0.10113972431001063
A4270,0.005890528570209718
A4271,0.009986524112566267
A4277,0.01775779223889355
A4279,0.01158662309714869
A4282,0.0541554951466338
A4284,0.04124638544818552
A4288,0.0035634949972663055
A4289,0.0233640103621275
A4292,0.15552347323225488
A4294,0.14058256824606205
A4302,0.0030673759822088245
A4303,0.10193670065703192
A4305,0.006529960496209725
A4308,0.0054342361843104986
A4311,0.023755958819252097
A4313,0.0016401642415346477
A4319,0.06182075405914662
A4321,0.9211058856852853
A4323,0.0014610824850894678
A4324,0.006854181659739454
A4326,0.020334937086494455
A4329,0.002237409113984971
A4330,0.003940694631579911
A4335,0.011747426927837642
A4339,0.01950668573769732
A4340,0.025223253245562884
A4346,0.01734705230619389
A4347,0.0026367667401846267
A4350,0.001798417207601513
A4353,0.034507499580660045
A4356,0.0032572970639880273
A4360,0.030975973464465265
A4361,0.8485426731147885
A4364,0.004116993575315763
A4372,0.014330544320186335
A4376,0.007608844151739732
A4377,0.040381895210111124
A4380,0.002150953419466244
A4381,0.017957693684781027
A4382,0.2311676755998045
A4389,0.15453202556501677
A4390,0.035642600596651176
A4391,0.0047334803822633624
A4400,0.07145147713837355
A4407,0.027293871946392798
A4408,0.004990031147939947
A4411,0.031154911359878756
A4414,0.011198743242566202
A4417,0.06751884895299451
A4423,0.012989476368004028
A4425,0.0024585574978474873
A4430,0.016692434498428117
A4440,0.005213981088378107
A4441,0.3375613620479001
A4446,0.05267839282073727
A4457,0.7158501623045341
A4458,0.007402880455361646
A4464,0.026712385504653473
A4467,0.009408525562508124
A4473,0.004854851668134
A4476,0.013512423428735888
A4481,0.07610907886136278
A4483,0.025301156849993213
A4484,0.0020409044009010277
A4489,0.003542515018652834
A4493,0.10741907858196545
A4496,0.003309279999928258
A4499,0.0017206905394333031
A4500,0.04906225677264963
A4502,0.007237799178321
A4505,0.00675806724405099
A4508,0.048692100768496345
A4510,0.02344715051773672
A4511,0.0015749738216961344
A4512,0.013998137396226946
A4521,0.0029928192160032425
A4522,0.005916003229381526
A4528,0.023516682587000702
A4529,0.015336827408623735
A4530,0.016736914733429777
A4533,0.1598168095638941
A4535,0.0036839738482319366
A4537,0.016329378180293425
A4538,0.0024409612694732486
A4541,0.021779993366339092
A4545,0.007982225501418711
A4555,0.0011377450640874386
A4556,0.04170434066660227
A4560,0.030116864311840047
A4564,0.00511744735995618
A4569,0.0018765361628543635
A4572,0.010772800735575218
A4574,0.005409411790306158
A4575,0.013946441067684785
A4577,0.0019199372061869738
A4579,0.005410896032369749
A4586,0.002403966253242635
A4590,0.03639574640320232
A4593,0.2181654125221063
A4596,0.014159799163425435
A4600,0.004151202304864852
A4603,0.001510676564606109
A4605,0.020982511101555117
A4607,0.028985054190709365
A4608,0.011044365963362163
A4609,0.002365493788471176
A4616,0.009008507807880567
A4617,0.030271276697617974
A4618,0.013359140379358312
A4622,0.0034074462695792267
A4626,0.007361897908197768
A4628,0.023923649193410113
A4630,0.04166117790017596
A4633,0.02069009071298022
A4635,0.02311470270012637
A4638,0.29203465658925293
A4639,0.007321174611036124
A4641,0.0032716250419177516
A4643,0.04113916905130082
A4647,0.006244004605855297
A4650,0.014126142425402409
A4654,0.0032234429413351986
A4672,0.1587723870950543
A4678,0.009867108319388394
A4680,0.00533108062140663
A4689,0.042802227525743065
A4693,0.003240075052941922
A4694,0.005752294316977764
A4701,0.007968077149876688
A4706,0.004429722753190881
A4712,0.04261650121009683
A4717,0.0024355647771516476
A4725,0.028169459186025106
A4731,0.021411704622396402
A4733,0.009147345250220684
A4738,0.006153423916044535
A4740,0.0034961649545144197
A4742,0.012771698540108898
A4743,0.010200207658712376
A4745,0.0040301374181938125
A4751,0.029359317902200286
A4758,0.005727448010554615
A4774,0.020914925705081962
A4781,0.6550969461954711
A4782,0.006476102258188806
A4784,0.011359424266807503
A4787,0.878290496782574
A4790,0.025946108549028048
A4793,0.011297293119213075
A4794,0.004561104433993354
A4797,0.006362364584505579
A4799,0.980966597629213
A4802,0.03297344636853468
A4803,0.018867561153869956
A4806,0.0017429325857032123
A4808,0.8347900811908537
A4819,0.012566116012437435
A4821,0.22746118902551854
A4824,0.003458828334365921
A4827,0.028351924529590605
A4828,0.005197449517404891
A4829,0.004876387309325631
A4833,0.12156940107529095
A4836,0.0052701585089068095
A4840,0.17280644956811209
A4843,0.022595357268118673
A4849,0.002683512069161899
A4854,0.014353888997630923
A4855,0.002251124208120492
A4858,0.012831324768035219
A4862,0.02618520990488825
A4866,0.006171715953683949
A4869,0.02459663381402346
A4870,0.0038587935139373555
A4874,0.005127237259164663
A4875,0.004970075763822319
A4876,0.00413166971458216
A4885,0.0032792228259380263
A4889,0.0023595559367260445
A4891,0.014826537082077798
A4894,0.018287441398105727
A4899,0.0046205786307061516
A4900,0.11652774974456316
A4901,0.01309671699600957
A4902,0.02953044190966483
A4908,0.030703957154907566
A4911,0.020102820773525324
A4912,0.004345971487662936
A4915,0.0149644129699291
A4916,0.013025740683050215
A4918,0.011039049605648808
A4920,0.016594670046812237
A4922,0.0011886735822937522
A4925,0.01304437607027442
A4927,0.0026909614081027365
A4929,0.002022501277810219
A4935,0.004331607928640793
A4936,0.00445517801357521
A4942,0.046503577117155956
A4945,0.0029399416204084895
A4946,0.005698140980835399
A4947,0.9160442773975576
A4948,0.0021432826132183427
A4953,0.013155748561839369
A4957,0.0012328337720769955
A4961,0.023077228943190205
A4972,0.9908090434953943
A4974,0.001479331169203062
A4975,0.0042727643110577205
A4976,0.0036531344808734844
A4981,0.011003710212743907
A4990,0.03982230197164664
A4991,0.005828971986056422
A4994,0.02005481155338566
A5002,0.05913997678461796
A5003,0.03215674012767121
A5005,0.002208067092770492
A5009,0.11711909447201628
A5014,0.001765262603048536
A5015,0.08702042669664106
A5016,0.03376579437075479
A5017,0.024181976235224455
A5020,0.00786423942274436
A5025,0.042183663129413886
A5028,0.014733197711963183
A5032,0.0030411335136186876
A5033,0.00997494424867475
A5034,0.015889554142278675
A5036,0.004872731294370401
A5040,0.004570661748865446
A5048,0.025624751824380107
A5049,0.8617455937901567
A5050,0.009336616690341953
A5054,0.004284337742028313
A5055,0.023596389310189928
A5057,0.003999010791316682
A5060,0.003799331531050244
A5061,0.013410414532366745
A5063,0.0037675761328004134
A5067,0.022177547852553305
A5070,0.010663334244881143
A5092,0.006218518495129791
A5093,0.04066748505635446
A5095,0.02780702712234649
A5097,0.002885300649411653
A5098,0.004189510512085296
A5099,0.02263191591299106
A5102,0.007911155325334523
A5107,0.0030541748725689544
A5110,0.06227223169677133
A5112,0.019101068873906706
A5113,0.01077726359991563
A5115,0.0013481500613248606
A5128,0.006046972188004022
A5132,0.009873171669623388
A5133,0.00166222519575414
A5136,0.019702377872772587
A5139,0.05153748651047729
A5141,0.011452592189478644
A5151,0.005143848344680428
A5152,0.2667099334087619
A5153,0.14653153808452052
A5154,0.9196734984167303
A5156,0.01752119563609237
A5157,0.004083543629705913
A5159,0.005125810021659
A5170,0.0019497849794660113
A5178,0.00621164823291204
A5180,0.05562241904113794
A5181,0.04834414395990934
A5183,0.0017398455430369273
A5184,0.8308288019346055
A5189,0.01610871423738416
A5191,0.06214682614926793
A5197,0.9937783486817621
A5202,0.005153822833031847
A5203,0.004528775087487996
A5206,0.041641753252915914
A5207,0.024834685509903264
A5212,0.0017180869769378637
A5213,0.1494611440909252
A5215,0.030856254653959355
A5223,0.04383990715530008
A5231,0.01771201772275302
A5234,0.0019115404606646052
A5237,0.01693307890655272
A5249,0.0073011558652637445
A5251,0.0060457812322335805
A5256,0.007351081325939735
A5259,0.008066412270549573
A5262,0.03595896127207618
A5263,0.011075399745700132
A5264,0.06960714595484212
A5265,0.002765456144900693
A5266,0.7549369693640761
A5268,0.010010798743513122
A5275,0.028254303204491314
A5281,0.05896119074651273
A5282,0.009523590058807327
A5283,0.021610849460901378
A5288,0.004079192621101482
A5289,0.014569232267996607
A5292,0.008179348518207867
A5293,0.0026137767388631477
A5300,0.004224854517707038
A5304,0.014081402533525354
A5305,0.05116567515988731
A5306,0.017402514675459512
A5311,0.002356497800170697
A5316,0.015269602774215076
A5320,0.0027163610798741555
A5321,0.014617409578326796
A5323,0.004625995303129077
A5324,0.01170762248110997
A5330,0.2319212109815458
A5333,0.021539903831027583
A5334,0.002515758856959207
A5335,0.0333416310986864
A5336,0.023330682244277586
A5339,0.016672186575762065
A5341,0.16169666337745553
A5342,0.006895770722157093
A5343,0.023934188319325648
A5345,0.0019040523603853486
A5351,0.006842694368886273
A5354,0.011870288395118006
A5355,0.06848262534220717
A5358,0.006283035670688015
A5361,0.013407663123316066
A5362,0.023579887146350273
A5363,0.007307523010342264
A5366,0.003479125584671294
A5367,0.008139707862530331
A5368,0.005885123831265517
A5372,0.015957250673678723
A5378,0.1109121480613182
A5380,0.0021655939604454505
A5382,0.008411703567514632
A5389,0.001625733240412251
A5393,0.0036555175327051
A5398,0.06107943892853195
A5405,0.0016980209386653084
A5408,0.00422410152499926
A5410,0.023065179757268874
A5415,0.0029236994327288416
A5418,0.013152860553022816
A5419,0.007247323973627948
A5423,0.033879855546931445
A5425,0.0874078024448559
A5427,0.015814495425584718
A5432,0.003854244024992304
A5438,0.002476055342321789
A5440,0.9476377546043767
A5444,0.011649614049215957
A5452,0.003279301924118003
A5453,0.015977140918220077
A5454,0.001591224573579714
A5458,0.09958433124674552
A5466,0.012810118207707645
A5474,0.006639675775869707
A5475,0.002529664502759163
A5477,0.007291245620623004
A5486,0.011006707543191765
A5487,0.055841633026402694
A5489,0.002332111326419848
A5496,0.01146911791104143
A5507,0.006512555035623372
A5509,0.013586423524501737
A5512,0.006789505924325186
A5514,0.004152257051710872
A5516,0.26666735507812606
A5522,0.14780136446098482
A5525,0.009385617649901899
A5531,0.0026058161133451054
A5533,0.013063402094485428
A5534,0.0022290143286261424
A5535,0.09740205937191508
A5538,0.005540893063544703
A5539,0.03311364196847491
A5553,0.013849053274950675
A5554,0.03645740889392407
A5555,0.027298227362531843
A5556,0.012682851363886518
A5562,0.004562262144462351
A5568,0.11304472735956837
A5570,0.019698744178800673
A5578,0.03419274598344333
A5583,0.031500166266178894
A5590,0.007583259389885609
A5597,0.006049495775982364
A5598,0.036695827065480434
A5603,0.015145797173237371
A5609,0.0020282579900060696
A5611,0.024177276211487107
A5621,0.00573046654293746
A5623,0.03363064749767616
A5624,0.013390743468647487
A5626,0.002426079735452692
A5627,0.004845462100809038
A5629,0.026843498014279165
A5636,0.0028277464849820943
A5638,0.006875046153841681
A5642,0.0040978923738607415
A5643,0.0022991921651186356
A5645,0.008421100532117125
A5649,0.017230755982581294
A5650,0.003829596768704836
A5652,0.007693495122909903
A5653,0.00253769757677408
A5656,0.003278004197532642
A5658,0.013096213788813203
A5663,0.006355740275319299
A5665,0.012230461151851668
A5667,0.008442345712103025
A5671,0.010363416034050247
A5677,0.01783040331292307
A5679,0.008073746504107467
A5680,0.3958019128406656
A5683,0.04681163332417568
A5688,0.0015318658616455991
A5690,0.0031857166230663354
A5693,0.0369413640430341
A5697,0.042559227575750244
A5700,0.01034597069593032
A5706,0.004520794589250969
A5708,0.005818307485947289
A5710,0.019592158381891597
A5714,0.10157456861261058
A5715,0.03092917782166667
A5717,0.012661547763276881
A5718,0.004686606969294507
A5723,0.014491538555730885
A5725,0.11977065094907624
A5731,0.01959253047958704
A5738,0.028094182984832697
A5748,0.012718420213448682
A5751,0.012476076629578527
A5754,0.007358398051931603
A5755,0.001962286958610048
A5758,0.0020027129655533745
A5760,0.0382173149204541
A5761,0.004834184937491987
A5772,0.006044514494669015
A5779,0.011475843256005862
A5782,0.004189675239796117
A5788,0.004137765811479776
A5791,0.012942614202112089
A5792,0.016676871460207625
A5795,0.01863096955366189
A5800,0.0037975592877922495
A5801,0.44835572184514744
A5802,0.004747294912346284
A5811,0.006013667578739444
A5821,0.03904071952702884
A5827,0.004524303696751229
A5832,0.013107987527342395
A5836,0.007521564139312242
A5837,0.08186559318198151
A5843,0.054448153772354145
A5846,0.0025390296659115077
A5847,0.011144360472879531
A5850,0.002277242521933524
A5854,0.004236351157641584
A5856,0.004264927508889923
A5861,0.002115328450605993
A5864,0.0070842352433781765
A5870,0.018569228866557267
A5878,0.024236423413144165
A5890,0.0010858536205859636
A5891,0.006759516523556646
A5897,0.045281008005471884
A5902,0.01402029660134886
A5906,0.0027448196145078724
A5909,0.011742287732295908
